{"HEMISPHERE":"South","AVG_TEMP":1065.0952075919,"AVG_METALLICITY":0.0215971484}
{"HEMISPHERE":"North","AVG_TEMP":876.7394149086,"AVG_METALLICITY":0.0132620544}
