{"QUADRANT":"Q4","AVG_TEMP":1083.9949140049,"AVG_METALLICITY":0.0240866523}
{"QUADRANT":"Q2","AVG_TEMP":995.8753914989,"AVG_METALLICITY":0.0353052128}
{"QUADRANT":"Q3","AVG_TEMP":1047.4525917431,"AVG_METALLICITY":0.0192732308}
{"QUADRANT":"Q1","AVG_TEMP":859.604993565,"AVG_METALLICITY":0.0100917546}
